Network,School ID,Area,School,Total,Year
Austin-North Lawndale Elementary Network,610131,,Ambrose Plamondon Elementary School,170,2012
Austin-North Lawndale Elementary Network,610005,,Charles Evans Hughes Elementary School,317,2012
Austin-North Lawndale Elementary Network,609873,,Crown Community Academy of Fine Arts Center ES,297,2012
Austin-North Lawndale Elementary Network,610254,,Dvorak Technology Academy,552,2012
Austin-North Lawndale Elementary Network,609904,,Edward K Ellington Elementary School,375,2012
Austin-North Lawndale Elementary Network,610235,,Ella Flagg Young Elementary School,"1,105",2012
Austin-North Lawndale Elementary Network,610020,,Francis Scott Key Elementary School,297,2012
Austin-North Lawndale Elementary Network,610503,,Frazier Prospective IB Magnet ES,220,2012
Austin-North Lawndale Elementary Network,610305,,George Leland Elementary School,180,2012
Austin-North Lawndale Elementary Network,609795,,George Rogers Clark Elementary School,295,2012
Austin-North Lawndale Elementary Network,610158,,Harriet E Sayre Elementary Language Academy,605,2012
Austin-North Lawndale Elementary Network,610092,,Henry H Nash Elementary School,392,2012
Austin-North Lawndale Elementary Network,610058,,Horatio May Elementary Community Academy,456,2012
Austin-North Lawndale Elementary Network,610274,,James Weldon Johnson Elementary School,362,2012
Austin-North Lawndale Elementary Network,609975,,John Hay Elementary Community Academy,552,2012
Austin-North Lawndale Elementary Network,610043,,Joseph Lovett Elementary School,487,2012
Austin-North Lawndale Elementary Network,610253,,Julia C Lathrop Elementary School,83,2012
Austin-North Lawndale Elementary Network,610000,,Julia Ward Howe Elementary School of Excellence,574,2012
Austin-North Lawndale Elementary Network,610034,,Lawndale Elementary Community Academy,507,2012
Austin-North Lawndale Elementary Network,610036,,Leslie Lewis Elementary School,560,2012
Austin-North Lawndale Elementary Network,610156,,Louis Armstrong Math & Science Elementary School,95,2012
Austin-North Lawndale Elementary Network,610240,,Matthew A Henson Elementary School,271,2012
Austin-North Lawndale Elementary Network,609830,,Milton Brunson Math & Science Specialty ES,650,2012
Austin-North Lawndale Elementary Network,610134,,Nathaniel Pope Elementary School,199,2012
Austin-North Lawndale Elementary Network,610367,,Oscar DePriest Elementary School,522,2012
Austin-North Lawndale Elementary Network,609906,,Robert Emmet Elementary School,459,2012
Austin-North Lawndale Elementary Network,610282,,Ronald E McNair Elementary School,423,2012
Austin-North Lawndale Elementary Network,610056,,Roswell B Mason Elementary School,475,2012
Austin-North Lawndale Elementary Network,610183,,Spencer Technology Academy,809,2012
Austin-North Lawndale Elementary Network,609991,,Theodore Herzl Elementary School,512,2012
Austin-North Lawndale Elementary Network,609851,,Thomas Chalmers Specialty Elementary School,287,2012
Austin-North Lawndale Elementary Network,610123,,William Penn Elementary School,423,2012
Burnham Park Elementary Network,609837,,Andrew Carnegie Elementary School,725,2012
Burnham Park Elementary Network,610277,,Anthony Overton Elementary School,433,2012
Burnham Park Elementary Network,609951,,Ariel Elementary Community Academy,550,2012
Burnham Park Elementary Network,610169,,Austin O Sexton Elementary School,334,2012
Burnham Park Elementary Network,610150,,Betsy Ross Elementary School,350,2012
Burnham Park Elementary Network,610175,,Beulah Shoesmith Elementary School,328,2012
Burnham Park Elementary Network,609969,,Bret Harte Elementary School,334,2012
Burnham Park Elementary Network,610345,,Carter G Woodson South Elementary School,329,2012
Burnham Park Elementary Network,610030,,Charles Kozminski Elementary Community Academy,403,2012
Burnham Park Elementary Network,609781,,Crispus Attucks Elementary School,276,2012
Burnham Park Elementary Network,610266,,Dumas Technology Academy,381,2012
Burnham Park Elementary Network,609819,,Edmond Burke Elementary School,241,2012
Burnham Park Elementary Network,610246,,Edward Beasley Elementary Magnet Academic Center,"1,363",2012
Burnham Park Elementary Network,610065,,Emmett Louis Till Math and Science Academy,471,2012
Burnham Park Elementary Network,610258,,Florence B Price Elementary School,111,2012
Burnham Park Elementary Network,610110,,Ida B Wells Preparatory Elementary Academy,215,2012
Burnham Park Elementary Network,610276,,Irvin C Mollison Elementary School,243,2012
Burnham Park Elementary Network,610256,,Jackie Robinson Elementary School,140,2012
Burnham Park Elementary Network,609891,,James R Doolittle Jr Elementary School,304,2012
Burnham Park Elementary Network,610213,,James Wadsworth Elementary School,277,2012
Burnham Park Elementary Network,609894,,John B Drake Elementary School,250,2012
Burnham Park Elementary Network,609919,,John Fiske Elementary School,254,2012
Burnham Park Elementary Network,610126,,John J Pershing Elementary Humanities Magnet,257,2012
Burnham Park Elementary Network,610237,,Ludwig Van Beethoven Elementary School,409,2012
Burnham Park Elementary Network,609928,,Melville W Fuller Elementary School,239,2012
Burnham Park Elementary Network,610551,,Milburn Alternative Elementary School,5,2012
Burnham Park Elementary Network,610018,,Miriam G Canter Middle School,221,2012
Burnham Park Elementary Network,610231,,National Teachers Elementary Academy,443,2012
Burnham Park Elementary Network,610395,,Pershing West Middle School,269,2012
Burnham Park Elementary Network,610090,,Phillip Murray Elementary Language Academy,533,2012
Burnham Park Elementary Network,609990,,South Loop Elementary School,787,2012
Burnham Park Elementary Network,610143,,William C Reavis Math & Science Specialty ES,310,2012
Burnham Park Elementary Network,610142,,William H Ray Elementary School,653,2012
Burnham Park Elementary Network,610061,,William J & Charles H Mayo Elementary School,456,2012
Burnham Park Elementary Network,609844,,William W Carter Elementary School,370,2012
Burnham Park Elementary Network,610232,,Williams Multiplex Elementary School,266,2012
Burnham Park Elementary Network,610336,,Williams Preparatory Academy Middle School,125,2012
Burnham Park Elementary Network,609977,,Woodlawn Community Elementary School,236,2012
Englewood-Gresham Elementary Network,610339,,Amos Alonzo Stagg Elementary School,538,2012
Englewood-Gresham Elementary Network,609869,,Anna R. Langford Academy,339,2012
Englewood-Gresham Elementary Network,610161,,Arna Wendell Bontemps Elementary School,345,2012
Englewood-Gresham Elementary Network,609941,,Asa Philip Randolph Elementary School,567,2012
Englewood-Gresham Elementary Network,610265,,Benjamin Banneker Elementary School,302,2012
Englewood-Gresham Elementary Network,610290,,Benjamin E Mays Elementary Academy,301,2012
Englewood-Gresham Elementary Network,610238,,Carrie Jacobs Bond Elementary School,343,2012
Englewood-Gresham Elementary Network,609986,,Charles R Henderson Elementary School,406,2012
Englewood-Gresham Elementary Network,609897,,Charles W Earle Elementary School,330,2012
Englewood-Gresham Elementary Network,609790,,Clara Barton Elementary School,596,2012
Englewood-Gresham Elementary Network,610223,,Daniel S Wentworth Elementary School,363,2012
Englewood-Gresham Elementary Network,609913,,Elaine O Goodlow Elementary Magnet School,416,2012
Englewood-Gresham Elementary Network,609927,,Foster Park Elementary School,421,2012
Englewood-Gresham Elementary Network,610112,,Francis W Parker Elementary Community Academy,807,2012
Englewood-Gresham Elementary Network,610072,,Garrett A Morgan Elementary School,237,2012
Englewood-Gresham Elementary Network,610285,,Granville T Woods Math & Science Academy ES,401,2012
Englewood-Gresham Elementary Network,610173,,Jesse Sherwood Elementary School,355,2012
Englewood-Gresham Elementary Network,609775,,John P Altgeld Elementary School,527,2012
Englewood-Gresham Elementary Network,609864,,John W Cook Elementary School,479,2012
Englewood-Gresham Elementary Network,610019,,Joshua D Kershaw Elementary School,263,2012
Englewood-Gresham Elementary Network,610108,,Luke O'Toole Elementary School,510,2012
Englewood-Gresham Elementary Network,610369,,Mahalia Jackson Elementary School,322,2012
Englewood-Gresham Elementary Network,609793,,Nicholson Technology Academy,464,2012
Englewood-Gresham Elementary Network,609997,,Oliver Wendell Holmes Elementary School,333,2012
Englewood-Gresham Elementary Network,610003,,Paul Cuffe Math-Science Technology Academy ES,512,2012
Englewood-Gresham Elementary Network,609791,,Perkins Bass Elementary School,367,2012
Englewood-Gresham Elementary Network,610102,,Richard J Oglesby Elementary School,400,2012
Englewood-Gresham Elementary Network,609805,,Scott Joplin Elementary School,536,2012
Englewood-Gresham Elementary Network,610283,,Simon Guggenheim Elementary School,291,2012
Englewood-Gresham Elementary Network,610521,,Sir Miles Davis Magnet Elementary Academy,354,2012
Englewood-Gresham Elementary Network,609955,,Walter Q Gresham Elementary School,358,2012
Englewood-Gresham Elementary Network,610264,,Walter Reed Elementary School,44,2012
Englewood-Gresham Elementary Network,610299,,William A Hinton Elementary School,320,2012
Englewood-Gresham Elementary Network,610153,,William H Ryder Math & Science Specialty ES,302,2012
Far South Side High School Network,610556,,Banner Academy South,284,2012
Far South Side High School Network,609753,,Chicago High School for Agricultural Sciences,578,2012
Far South Side High School Network,609705,,Christian Fenger Academy High School,688,2012
Far South Side High School Network,609706,,Fenger Achievement Academy High School,85,2012
Far South Side High School Network,609761,,George H Corliss High School,622,2012
Far South Side High School Network,609760,,George Washington Carver Military Academy HS,532,2012
Far South Side High School Network,609739,,George Washington High School,"1,525",2012
Far South Side High School Network,609726,,Gwendolyn Brooks College Preparatory Academy HS,781,2012
Far South Side High School Network,609710,,John M Harlan Community Academy High School,"1,243",2012
Far South Side High School Network,609725,,Morgan Park High School,"1,571",2012
Far South Side High School Network,609762,,Percy L Julian High School,"1,224",2012
Far South Side High School Network,610554,,Vivian E. Summers Alternative High School,65,2012
Fullerton Elementary Network,610038,,Abraham Lincoln Elementary School,809,2012
Fullerton Elementary Network,609780,,Ames Middle School,583,2012
Fullerton Elementary Network,610549,,Banner North Elementary School,5,2012
Fullerton Elementary Network,609922,,Belmont-Cragin Elementary School,634,2012
Fullerton Elementary Network,610039,,Carl von Linne Elementary School,639,2012
Fullerton Elementary Network,609875,,Charles R Darwin Elementary School,620,2012
Fullerton Elementary Network,610533,,Dr Jorge Prieto Math and Science,993,2012
Fullerton Elementary Network,610012,,Edward Jenner Elementary Academy of the Arts,313,2012
Fullerton Elementary Network,610541,,Federico Garcia Lorca Elementary School,858,2012
Fullerton Elementary Network,610144,,Frank W Reilly Elementary School,"1,179",2012
Fullerton Elementary Network,609926,,Franklin Elementary Fine Arts Center,363,2012
Fullerton Elementary Network,610165,,Franz Peter Schubert Elementary School,936,2012
Fullerton Elementary Network,609930,,Frederick Funston Elementary School,619,2012
Fullerton Elementary Network,610048,,George Manierre Elementary School,393,2012
Fullerton Elementary Network,610068,,Hanson Park Elementary School,"1,489",2012
Fullerton Elementary Network,610040,,Henry D Lloyd Elementary School,"1,323",2012
Fullerton Elementary Network,610074,,James Monroe Elementary School,"1,113",2012
Fullerton Elementary Network,609942,,Johann W von Goethe Elementary School,785,2012
Fullerton Elementary Network,609789,,John Barry Elementary School,796,2012
Fullerton Elementary Network,610041,,Josephine C Locke Elementary School,"1,303",2012
Fullerton Elementary Network,610033,,LaSalle Elementary Language Academy,576,2012
Fullerton Elementary Network,609910,,Laughlin Falconer Elementary School,"1,508",2012
Fullerton Elementary Network,610325,,Logandale Middle School,942,2012
Fullerton Elementary Network,609809,,Lorenz Brentano Math & Science Academy ES,453,2012
Fullerton Elementary Network,609774,,Louisa May Alcott Elementary School,474,2012
Fullerton Elementary Network,609818,,Luther Burbank Elementary School,"1,132",2012
Fullerton Elementary Network,610539,,Marvin Camras Elementary School,823,2012
Fullerton Elementary Network,610046,,Mary Lyon Elementary School,"1,409",2012
Fullerton Elementary Network,610051,,Northwest Middle School,758,2012
Fullerton Elementary Network,610059,,Oscar F Mayer Elementary School,595,2012
Fullerton Elementary Network,610138,,Pulaski International Academy Elmentary School,860,2012
Fullerton Elementary Network,610234,,Richard Yates Elementary School,684,2012
Fullerton Elementary Network,610250,,Rueben Salazar Elementary Bilingual Center,444,2012
Fullerton Elementary Network,609853,,Salmon P Chase Elementary School,503,2012
Fullerton Elementary Network,609968,,Sharon Christa McAuliffe Elementary School,856,2012
Fullerton Elementary Network,610534,,Skinner North,242,2012
Fullerton Elementary Network,609896,,Thomas Drummond Elementary School,352,2012
Fullerton Elementary Network,610095,,Walter L Newberry Math & Science Academy ES,559,2012
Fullerton Elementary Network,610101,,William B Ogden Elementary School,713,2012
Fullerton Elementary Network,610136,,William H Prescott Elementary School,239,2012
Fullerton Elementary Network,610097,,William P Nixon Elementary School,"1,051",2012
Fullerton Elementary Network,610088,,Wolfgang A Mozart Elementary School,747,2012
Fulton Elementary Network,610229,,A.N. Pritzker School,668,2012
Fulton Elementary Network,610342,,Albert R Sabin Elementary Magnet School,622,2012
Fulton Elementary Network,610210,,Alexander von Humboldt Elementary School,392,2012
Fulton Elementary Network,610320,,Ana Roque de Duprey Elementary School,114,2012
Fulton Elementary Network,610060,,Andrew Jackson Elementary Language Academy,555,2012
Fulton Elementary Network,610076,,Bernhard Moos Elementary School,425,2012
Fulton Elementary Network,609863,,Christopher Columbus Elementary School,309,2012
Fulton Elementary Network,610119,,Elizabeth Peabody Elementary School,288,2012
Fulton Elementary Network,610073,,Ellen Mitchell Elementary School,343,2012
Fulton Elementary Network,609854,,Frederic Chopin Elementary School,267,2012
Fulton Elementary Network,610009,,Galileo Math & Science Scholastic Academy ES,608,2012
Fulton Elementary Network,610107,,James Otis Elementary School,489,2012
Fulton Elementary Network,610031,,Jean D Lafayette Elementary School,471,2012
Fulton Elementary Network,610180,,John M Smyth Elementary School,472,2012
Fulton Elementary Network,609828,,Jonathan Burr Elementary School,347,2012
Fulton Elementary Network,610313,,Jose De Diego Elementary Community Academy,867,2012
Fulton Elementary Network,610520,,LaSalle II Magnet Elementary School,609,2012
Fulton Elementary Network,610197,,Mancel Talcott Elementary School,579,2012
Fulton Elementary Network,610177,,Mark Skinner Elementary School,783,2012
Fulton Elementary Network,610075,,Moses Montefiore Special Elementary School,21,2012
Fulton Elementary Network,610085,,Near North Elementary School,91,2012
Fulton Elementary Network,610252,,Robert Nathaniel Dett Elementary School,249,2012
Fulton Elementary Network,610029,,Rodolfo Lozano Bilingual & International Ctr ES,316,2012
Fulton Elementary Network,610548,,STEM Magnet Academy,227,2012
Fulton Elementary Network,610405,,Suder Montessori Magnet ES,350,2012
Fulton Elementary Network,609989,,Victor Herbert Elementary School,397,2012
Fulton Elementary Network,610121,,Washington Irving Elementary School,481,2012
Fulton Elementary Network,609812,,William H Brown Elementary School,214,2012
Fulton Elementary Network,610023,,William H King Elementary School,263,2012
Fulton Elementary Network,610308,,Wilma Rudolph Elementary Learning Center,100,2012
Garfield-Humboldt Elementary Network,610098,,Alfred Nobel Elementary School,796,2012
Garfield-Humboldt Elementary Network,610106,,Brian Piccolo Elementary Specialty School,541,2012
Garfield-Humboldt Elementary Network,610194,,Charles Sumner  Math & Science Community Acad ES,426,2012
Garfield-Humboldt Elementary Network,609835,,Daniel R Cameron Elementary School,822,2012
Garfield-Humboldt Elementary Network,610221,,Daniel Webster Elementary School,369,2012
Garfield-Humboldt Elementary Network,609881,,Edward C Delano Elementary School,414,2012
Garfield-Humboldt Elementary Network,610293,,Genevieve Melody Elementary School,315,2012
Garfield-Humboldt Elementary Network,610202,,George W Tilton Elementary School,319,2012
Garfield-Humboldt Elementary Network,610241,,Guglielmo Marconi Elementary Community Academy,245,2012
Garfield-Humboldt Elementary Network,610192,,Harriet Beecher Stowe Elementary School,886,2012
Garfield-Humboldt Elementary Network,609985,,Helen M Hefferan Elementary School,259,2012
Garfield-Humboldt Elementary Network,609797,,Jacob Beidler Elementary School,406,2012
Garfield-Humboldt Elementary Network,610044,,James Russell Lowell Elementary School,587,2012
Garfield-Humboldt Elementary Network,610271,,Jensen Elementary Scholastic Academy,364,2012
Garfield-Humboldt Elementary Network,610243,,John Calhoun North Elementary School,328,2012
Garfield-Humboldt Elementary Network,609954,,John Milton Gregory Elementary School,321,2012
Garfield-Humboldt Elementary Network,609925,,Joseph Kellman Corporate Community ES,293,2012
Garfield-Humboldt Elementary Network,610133,,Laura S Ward Elementary School,428,2012
Garfield-Humboldt Elementary Network,609907,,Leif Ericson Elementary Scholastic Academy,516,2012
Garfield-Humboldt Elementary Network,610154,,Martin A Ryerson Elementary School,443,2012
Garfield-Humboldt Elementary Network,609888,,Mary Mapes Dodge Elementary Renaissance Academy,434,2012
Garfield-Humboldt Elementary Network,610365,,Mary McLeod Bethune Elementary School,363,2012
Garfield-Humboldt Elementary Network,610055,,Michael Faraday Elementary School,191,2012
Garfield-Humboldt Elementary Network,610257,,Morton School of Excellence,344,2012
Garfield-Humboldt Elementary Network,610348,,Nathan R Goldblatt Elementary School,268,2012
Garfield-Humboldt Elementary Network,610021,,Pablo Casals Elementary School,504,2012
Garfield-Humboldt Elementary Network,610100,,West Park Elementary Academy,684,2012
Garfield-Humboldt Elementary Network,610251,,Willa Cather Elementary School,234,2012
Lake Calumet Elementary Network,609821,,Burnham Elementary Inclusive Academy,283,2012
Lake Calumet Elementary Network,610198,,Douglas Taylor Elementary School,633,2012
Lake Calumet Elementary Network,610132,,Edgar Allan Poe Elementary Classical School,192,2012
Lake Calumet Elementary Network,610315,,Edward White Elementary Career Academy,138,2012
Lake Calumet Elementary Network,610139,,George M Pullman Elementary School,256,2012
Lake Calumet Elementary Network,609845,,George Washington Carver Primary School,542,2012
Lake Calumet Elementary Network,610219,,George Washington Elementary School,812,2012
Lake Calumet Elementary Network,609856,,Henry Clay Elementary School,630,2012
Lake Calumet Elementary Network,609848,,Ira F Aldridge Elementary School,283,2012
Lake Calumet Elementary Network,609772,,Jane Addams Elementary School,926,2012
Lake Calumet Elementary Network,609932,,Jesse Owens Elementary Community Academy,342,2012
Lake Calumet Elementary Network,610054,,John L Marsh Elementary School,834,2012
Lake Calumet Elementary Network,610225,,John Whistler Elementary School,376,2012
Lake Calumet Elementary Network,610199,,Johnnie Colemon Elementary Academy,266,2012
Lake Calumet Elementary Network,609935,,Matthew Gallistel Elementary Language Academy,"1,413",2012
Lake Calumet Elementary Network,609811,,Orville T Bright Elementary School,359,2012
Lake Calumet Elementary Network,609902,,Ralph H Metcalfe Elementary Community Academy,485,2012
Lake Calumet Elementary Network,610045,,Robert H Lawrence Elementary School,376,2012
Lake Calumet Elementary Network,610091,,Ronald Brown Elementary Community Academy,283,2012
Lake Calumet Elementary Network,609943,,Samuel Gompers Fine Arts Options ES,286,2012
Lake Calumet Elementary Network,610160,,Songhai Elementary Learning Institute,352,2012
Lake Calumet Elementary Network,610178,,Theophilus Schmid Elementary School,185,2012
Lake Calumet Elementary Network,610295,,Thomas J Higgins Elementary Community Academy,368,2012
Lake Calumet Elementary Network,609944,,Virgil Grissom Elementary School,328,2012
Lake Calumet Elementary Network,609978,,Wendell Smith Elementary School,364,2012
Lake Calumet Elementary Network,610224,,West Pullman Elementary School,340,2012
Lake Calumet Elementary Network,610364,,William E B Dubois Elementary School,184,2012
Midway Elementary Network,610185,,Adlai E Stevenson Elementary School,"1,306",2012
Midway Elementary Network,610287,,Ashburn Community Elementary School,490,2012
Midway Elementary Network,610087,,Blair Early Childhood Center,137,2012
Midway Elementary Network,609839,,Carroll-Rosenwald Specialty Elementary School,536,2012
Midway Elementary Network,609879,,Charles Gates Dawes Elementary School,"1,025",2012
Midway Elementary Network,610347,,Claremont Academy Elementary School,530,2012
Midway Elementary Network,610077,,Donald Morrill Math & Science Elementary School,822,2012
Midway Elementary Network,610352,,Durkin Park Elementary School,542,2012
Midway Elementary Network,610006,,Edward N Hurley Elementary School,825,2012
Midway Elementary Network,610203,,Enrico Tonti Elementary School,"1,004",2012
Midway Elementary Network,610057,,Fairfield Elementary Academy,598,2012
Midway Elementary Network,610120,,Ferdinand Peck Elementary School,"1,553",2012
Midway Elementary Network,610096,,Florence Nightingale Elementary School,"1,376",2012
Midway Elementary Network,610067,,Francis M McKay Elementary School,885,2012
Midway Elementary Network,610532,,Irene C. Hernandez Middle School for the Advancement of Scie,970,2012
Midway Elementary Network,609893,,John C Dore Elementary School,586,2012
Midway Elementary Network,609898,,John F Eberhart Elementary School,"1,762",2012
Midway Elementary Network,610026,,John H Kinzie Elementary School,726,2012
Midway Elementary Network,609807,,Lionel Hampton Fine & Performing Arts ES,657,2012
Midway Elementary Network,610117,,Louis Pasteur Elementary School,"1,166",2012
Midway Elementary Network,610544,,Mariano Azuela Elementary School,870,2012
Midway Elementary Network,610206,,Mark Twain Elementary School,"1,154",2012
Midway Elementary Network,610053,,Marquette Elementary School,"1,385",2012
Midway Elementary Network,609832,,Michael M Byrne Elementary School,684,2012
Midway Elementary Network,609960,,Nathan Hale Elementary School,864,2012
Midway Elementary Network,609981,,Phobe Apperson Hearst Elementary School,362,2012
Midway Elementary Network,609842,,Rachel Carson Elementary School,"1,218",2012
Midway Elementary Network,609903,,Richard Edwards Elementary School,"1,486",2012
Midway Elementary Network,610291,,Richard Henry Lee Elementary School,829,2012
Midway Elementary Network,609956,,Robert L Grimes Elementary School,486,2012
Midway Elementary Network,610157,,Sidney Sawyer Elementary School,"1,828",2012
Midway Elementary Network,610226,,Socorro Sandoval Elementary School,"1,178",2012
Midway Elementary Network,610249,,Talman Elementary School,370,2012
Midway Elementary Network,610396,,Tarkington School of Excellence ES,"1,065",2012
Midway Elementary Network,609855,,Walter S Christopher Elementary School,278,2012
Midway Elementary Network,610109,,William Bishop Owen Scholastic Academy ES,243,2012
North-Northwest Side High School Network,609720,,Albert G Lane Technical High School,"4,366",2012
North-Northwest Side High School Network,610524,,Alcott High School for the Humanities,232,2012
North-Northwest Side High School Network,610550,,Banner North High School,28,2012
North-Northwest Side High School Network,609729,,Carl Schurz High School,"2,364",2012
North-Northwest Side High School Network,609679,,Charles Allen Prosser Career Academy High School,"1,416",2012
North-Northwest Side High School Network,609732,,Charles P Steinmetz Academic Centre High School,"1,890",2012
North-Northwest Side High School Network,610340,,Chicago Academy High School,503,2012
North-Northwest Side High School Network,610402,,DeVry University Advantage Academy HS,200,2012
North-Northwest Side High School Network,609708,,Edwin G Foreman High School,"1,715",2012
North-Northwest Side High School Network,609737,,Friedrich W von Steuben Metropolitan Science HS,"1,635",2012
North-Northwest Side High School Network,610390,,Hyman G Rickover Naval Academy High School,424,2012
North-Northwest Side High School Network,609766,,Jacqueline B Vaughn Occupational High School,202,2012
North-Northwest Side High School Network,609716,,Kelvyn Park High School,"1,250",2012
North-Northwest Side High School Network,609719,,Lake View High School,"1,502",2012
North-Northwest Side High School Network,609738,,Lincoln Park High School,"2,342",2012
North-Northwest Side High School Network,609730,,Nicholas Senn High School,"1,051",2012
North-Northwest Side High School Network,609749,,Northside College Preparatory High School,"1,053",2012
North-Northwest Side High School Network,609744,,Northside Learning Center High School,299,2012
North-Northwest Side High School Network,609695,,Roald Amundsen High School,"1,535",2012
North-Northwest Side High School Network,609733,,Roger C Sullivan High School,827,2012
North-Northwest Side High School Network,609724,,Stephen T Mather High School,"1,656",2012
North-Northwest Side High School Network,609728,,Theodore Roosevelt High School,"1,497",2012
North-Northwest Side High School Network,610394,,Uplift Community High School,471,2012
North-Northwest Side High School Network,609680,,Walter Payton College Preparatory High School,885,2012
North-Northwest Side High School Network,609734,,William Howard Taft High School,"2,921",2012
O'Hare Elementary Network,610212,,Albany Park Multicultural Academy,266,2012
O'Hare Elementary Network,610209,,Alessandro Volta Elementary School,"1,016",2012
O'Hare Elementary Network,609836,,Arthur E Canty Elementary School,780,2012
O'Hare Elementary Network,610248,,Chicago Academy Elementary School,600,2012
O'Hare Elementary Network,609899,,Christian Ebinger Elementary School,644,2012
O'Hare Elementary Network,610083,,Daniel C Beard Elementary School,160,2012
O'Hare Elementary Network,610515,,Disney II Magnet School,363,2012
O'Hare Elementary Network,609901,,Edgebrook Elementary School,463,2012
O'Hare Elementary Network,610523,,Edison Park Elementary School,428,2012
O'Hare Elementary Network,610137,,Ernst Prussing Elementary School,671,2012
O'Hare Elementary Network,609874,,Everett McKinley Dirksen Elementary School,777,2012
O'Hare Elementary Network,610163,,Frederick Stock Elementary School,259,2012
O'Hare Elementary Network,609857,,Grover Cleveland Elementary School,685,2012
O'Hare Elementary Network,610182,,Hannah G Solomon Elementary School,362,2012
O'Hare Elementary Network,609972,,Helge A Haugan Elementary School,"1,284",2012
O'Hare Elementary Network,609798,,Hiram H Belding Elementary School,657,2012
O'Hare Elementary Network,609912,,James B Farnsworth Elementary School,574,2012
O'Hare Elementary Network,609796,,Jean Baptiste Beaubien Elementary School,"1,172",2012
O'Hare Elementary Network,610089,,John B Murphy Elementary School,637,2012
O'Hare Elementary Network,610111,,John Palmer Elementary School,912,2012
O'Hare Elementary Network,609937,,John W Garvy Elementary School,715,2012
O'Hare Elementary Network,610159,,Jonathan Y Scammon Elementary School,924,2012
O'Hare Elementary Network,610127,,Mary Gage Peterson Elementary School,856,2012
O'Hare Elementary Network,609792,,Newton Bateman Elementary School,"1,014",2012
O'Hare Elementary Network,609810,,Norman A Bridge Elementary School,994,2012
O'Hare Elementary Network,610354,,North River Elementary School,360,2012
O'Hare Elementary Network,610099,,Norwood Park Elementary School,358,2012
O'Hare Elementary Network,610201,,Ole A Thorp Elementary Scholastic Academy,834,2012
O'Hare Elementary Network,610105,,Oriole Park Elementary School,644,2012
O'Hare Elementary Network,609988,,Patrick Henry Elementary School,648,2012
O'Hare Elementary Network,610145,,Peter A Reinberg Elementary School,827,2012
O'Hare Elementary Network,610135,,Portage Park Elementary School,"1,123",2012
O'Hare Elementary Network,609995,,Rufus M Hitch Elementary School,534,2012
O'Hare Elementary Network,610155,,Sauganash Elementary School,545,2012
O'Hare Elementary Network,609794,,Thomas A Edison Regional Gifted Center ES,269,2012
O'Hare Elementary Network,610321,,Thurgood Marshall Middle School,434,2012
O'Hare Elementary Network,610179,,Washington D Smyser Elementary School,"1,038",2012
O'Hare Elementary Network,610230,,Wildwood Elementary School,412,2012
O'Hare Elementary Network,609884,,William E Dever Elementary School,838,2012
O'Hare Elementary Network,609994,,William G Hibbard Elementary School,"1,235",2012
O'Hare Elementary Network,610104,,William J Onahan Elementary School,678,2012
O'Hare Elementary Network,609949,,William P Gray Elementary School,"1,331",2012
Pershing Elementary Network,609993,,Agustin Lara Elementary Academy,555,2012
Pershing Elementary Network,609947,,Alexander Graham Elementary School,478,2012
Pershing Elementary Network,610037,,Arthur A Libby Elementary School,538,2012
Pershing Elementary Network,610317,,Brighton Park Elementary School,687,2012
Pershing Elementary Network,610353,,Calmeca Academy of Fine Arts and Dual Language,789,2012
Pershing Elementary Network,610148,,Cesar E Chavez Multicultural Academic Center ES,913,2012
Pershing Elementary Network,609996,,Charles N Holden Elementary School,593,2012
Pershing Elementary Network,610170,,Columbia Explorers Elementary Academy,"1,033",2012
Pershing Elementary Network,609885,,Dewey Elementary Academy of Fine Arts,357,2012
Pershing Elementary Network,609909,,Edward Everett Elementary School,319,2012
Pershing Elementary Network,610319,,Evergreen Academy Middle School,389,2012
Pershing Elementary Network,610114,,Francis Parkman Elementary School,224,2012
Pershing Elementary Network,609958,,Frank W Gunsaulus Elementary Scholastic Academy,866,2012
Pershing Elementary Network,610062,,George B McClellan Elementary School,284,2012
Pershing Elementary Network,609983,,James Hedges Elementary School,841,2012
Pershing Elementary Network,610174,,James Shields Elementary School,"1,805",2012
Pershing Elementary Network,610217,,James Ward Elementary School,486,2012
Pershing Elementary Network,609829,,John C Burroughs Elementary School,507,2012
Pershing Elementary Network,609959,,John Charles Haines Elementary School,662,2012
Pershing Elementary Network,609964,,John H Hamline Elementary School,676,2012
Pershing Elementary Network,610081,,Mark Sheridan Elementary Math & Science Academy,537,2012
Pershing Elementary Network,609876,,Nathan S Davis Elementary School,"1,025",2012
Pershing Elementary Network,609952,,Nathanael Greene Elementary School,630,2012
Pershing Elementary Network,609777,,Phillip D Armour Elementary School,362,2012
Pershing Elementary Network,610239,,Richard J Daley Elementary Academy,796,2012
Pershing Elementary Network,609929,,Robert Fulton Elementary School,466,2012
Pershing Elementary Network,609979,,Robert Healy Elementary School,"1,376",2012
Pershing Elementary Network,609987,,Thomas A Hendricks Elementary Community Academy,305,2012
Pershing Elementary Network,610504,,Velma F Thomas Early Childhood Center,210,2012
Pershing Elementary Network,610167,,William H Seward Communication Arts Academy ES,893,2012
Pershing Elementary Network,610172,,William T Sherman Elementary School,461,2012
Pilsen-Little Village Elementary Network,609966,,Charles G Hammond Elementary School,445,2012
Pilsen-Little Village Elementary Network,610063,,Cyrus H McCormick Elementary School,892,2012
Pilsen-Little Village Elementary Network,609870,,Daniel J Corkery Elementary School,630,2012
Pilsen-Little Village Elementary Network,610227,,Eli Whitney Elementary School,"1,126",2012
Pilsen-Little Village Elementary Network,609973,,Emiliano Zapata Elementary Academy,976,2012
Pilsen-Little Village Elementary Network,610215,,Francisco I Madero Middle School,314,2012
Pilsen-Little Village Elementary Network,609920,,Gerald Delgado Kanoon Elementary Magnet School,706,2012
Pilsen-Little Village Elementary Network,610273,,Ignance Paderewski Elementary Learning Academy,128,2012
Pilsen-Little Village Elementary Network,610125,,Irma C Ruiz Elementary School,913,2012
Pilsen-Little Village Elementary Network,610216,,John A Walsh Elementary School,499,2012
Pilsen-Little Village Elementary Network,610228,,John Greenleaf Whittier Elementary School,406,2012
Pilsen-Little Village Elementary Network,610184,,John Spry Elementary Community School,803,2012
Pilsen-Little Village Elementary Network,609950,,Josefa Ortiz De Dominguez Elementary School,781,2012
Pilsen-Little Village Elementary Network,609938,,Joseph E Gary Elementary School,"1,204",2012
Pilsen-Little Village Elementary Network,610015,,Joseph Jungman Elementary School,284,2012
Pilsen-Little Village Elementary Network,610129,,Josiah Pickard Elementary School,652,2012
Pilsen-Little Village Elementary Network,610024,,Lazaro Cardenas Elementary School,641,2012
Pilsen-Little Village Elementary Network,609834,,Little Village Elementary School,835,2012
Pilsen-Little Village Elementary Network,609872,,Manuel Perez Elementary School,424,2012
Pilsen-Little Village Elementary Network,610017,,Maria Saucedo Elementary Scholastic Academy,"1,305",2012
Pilsen-Little Village Elementary Network,610329,,Orozco Fine Arts & Sciences Elementary School,636,2012
Pilsen-Little Village Elementary Network,609867,,Peter Cooper Elementary Dual Language Academy,700,2012
Pilsen-Little Village Elementary Network,610013,,Pilsen Elementary Community Academy,445,2012
Pilsen-Little Village Elementary Network,609826,,Rosario Castellanos Elementary School,525,2012
Pilsen-Little Village Elementary Network,609921,,Telpochcalli Elementary School,284,2012
Pilsen-Little Village Elementary Network,609967,,William F Finkl Elementary School,583,2012
Ravenswood-Ridge Elementary Network,609799,,Alexander Graham Bell Elementary School,990,2012
Ravenswood-Ridge Elementary Network,609963,,Alexander Hamilton Elementary School,305,2012
Ravenswood-Ridge Elementary Network,609820,,Augustus H Burley Elementary School,570,2012
Ravenswood-Ridge Elementary Network,609804,,Daniel Boone Elementary School,748,2012
Ravenswood-Ridge Elementary Network,609859,,DeWitt Clinton Elementary School,"1,137",2012
Ravenswood-Ridge Elementary Network,609852,,Eliza Chappell Elementary School,446,2012
Ravenswood-Ridge Elementary Network,609918,,Eugene Field Elementary School,374,2012
Ravenswood-Ridge Elementary Network,610010,,Friedrich Ludwig Jahn Elementary School,489,2012
Ravenswood-Ridge Elementary Network,609779,,George Armstrong International Studies ES,"1,487",2012
Ravenswood-Ridge Elementary Network,610196,,George B Swift Elementary Specialty School,705,2012
Ravenswood-Ridge Elementary Network,610187,,Graeme Stewart Elementary School,279,2012
Ravenswood-Ridge Elementary Network,609974,,Hawthorne Elementary Scholastic Academy,569,2012
Ravenswood-Ridge Elementary Network,610122,,Helen Peirce International Studies ES,978,2012
Ravenswood-Ridge Elementary Network,609850,,Horace Greeley Elementary School,607,2012
Ravenswood-Ridge Elementary Network,610078,,Inter-American Elementary Magnet School,691,2012
Ravenswood-Ridge Elementary Network,610070,,James B McPherson Elementary School,687,2012
Ravenswood-Ridge Elementary Network,609803,,James G Blaine Elementary School,915,2012
Ravenswood-Ridge Elementary Network,609866,,John C Coonley Elementary School,663,2012
Ravenswood-Ridge Elementary Network,609782,,John J Audubon Elementary School,573,2012
Ravenswood-Ridge Elementary Network,610269,,John T McCutcheon Elementary School,349,2012
Ravenswood-Ridge Elementary Network,609865,,Jordan Elementary Community School,746,2012
Ravenswood-Ridge Elementary Network,610242,,Joseph Brennemann Elementary School,360,2012
Ravenswood-Ridge Elementary Network,610189,,Joseph Stockton Elementary School,457,2012
Ravenswood-Ridge Elementary Network,610022,,Joyce Kilmer Elementary School,884,2012
Ravenswood-Ridge Elementary Network,609773,,Louis A Agassiz Elementary School,429,2012
Ravenswood-Ridge Elementary Network,610094,,Louis Nettelhorst Elementary School,721,2012
Ravenswood-Ridge Elementary Network,609817,,Lyman A Budlong Elementary School,862,2012
Ravenswood-Ridge Elementary Network,610205,,Lyman Trumbull Elementary School,430,2012
Ravenswood-Ridge Elementary Network,610355,,Mary E Courtenay Elementary Language Arts Center,257,2012
Ravenswood-Ridge Elementary Network,610011,,Minnie Mars Jamieson Elementary School,805,2012
Ravenswood-Ridge Elementary Network,610284,,New Field Elementary School,693,2012
Ravenswood-Ridge Elementary Network,610147,,Philip Rogers Elementary School,730,2012
Ravenswood-Ridge Elementary Network,610141,,Ravenswood Elementary School,461,2012
Ravenswood-Ridge Elementary Network,609880,,Stephen Decatur Classical Elementary School,289,2012
Ravenswood-Ridge Elementary Network,609933,,Stephen F Gale Elementary Community Academy,515,2012
Ravenswood-Ridge Elementary Network,609976,,Stephen K Hayt Elementary School,993,2012
Ravenswood-Ridge Elementary Network,610191,,Stone Elementary Scholastic Academy,647,2012
Ravenswood-Ridge Elementary Network,610220,,Thomas J Waters Elementary School,581,2012
Ravenswood-Ridge Elementary Network,610363,,Walt Disney Magnet Elementary School,"1,651",2012
Ravenswood-Ridge Elementary Network,610542,,West Ridge Elementary School,648,2012
Ravenswood-Ridge Elementary Network,609945,,William C Goudy Elementary School,799,2012
Rock Island Elementary Network,609808,,Alex Haley Elementary Academy,524,2012
Rock Island Elementary Network,610028,,Alfred David Kohn Elementary School,427,2012
Rock Island Elementary Network,609788,,Alice L Barnard Computer Math & Science Ctr ES,272,2012
Rock Island Elementary Network,610084,,Annie Keller Elementary Gifted Magnet School,246,2012
Rock Island Elementary Network,609871,,Barbara Vick Early Childhood & Family Center,204,2012
Rock Island Elementary Network,610366,,Charles H Wacker Elementary School,243,2012
Rock Island Elementary Network,610004,,Countee Cullen Elementary School,232,2012
Rock Island Elementary Network,610188,,Dunne Technology Academy,310,2012
Rock Island Elementary Network,610195,,Elizabeth H Sutherland Elementary School,758,2012
Rock Island Elementary Network,609908,,Esmond Elementary School,340,2012
Rock Island Elementary Network,609917,,Fernwood Elementary School,344,2012
Rock Island Elementary Network,609924,,Fort Dearborn Elementary School,477,2012
Rock Island Elementary Network,609800,,Frank I Bennett Elementary School,502,2012
Rock Island Elementary Network,609939,,Frank L Gillespie Elementary School,608,2012
Rock Island Elementary Network,609849,,George F Cassell Elementary School,350,2012
Rock Island Elementary Network,609900,,George W Curtis Elementary School,501,2012
Rock Island Elementary Network,609861,,Henry R Clissold Elementary School,586,2012
Rock Island Elementary Network,610176,,John D Shoop Math-Science Technical Academy ES,552,2012
Rock Island Elementary Network,610207,,John H Vanderpoel Elementary Magnet School,317,2012
Rock Island Elementary Network,610016,,Kate S Kellogg Elementary School,276,2012
Rock Island Elementary Network,610368,,Langston Hughes Elementary School,422,2012
Rock Island Elementary Network,610128,,Marcus Moziah Garvey Elementary School,354,2012
Rock Island Elementary Network,610362,,Medgar Evers Elementary School,366,2012
Rock Island Elementary Network,610208,,Mildred I Lavizzo Elementary School,392,2012
Rock Island Elementary Network,610082,,Mount Greenwood Elementary School,891,2012
Rock Island Elementary Network,610086,,Mount Vernon Elementary School,290,2012
Rock Island Elementary Network,610027,,Rudyard Kipling Elementary School,445,2012
Rock Island Elementary Network,609895,,Turner-Drew Elementary Language Academy,373,2012
Rock Island Elementary Network,610553,,Vivian E. Summers Alternative Elementary School,17,2012
Rock Island Elementary Network,610032,,Wendell E Green Elementary School,254,2012
Skyway Elementary Network,610281,,Adam Clayton Powell Paideia Community Academy ES,520,2012
Skyway Elementary Network,610316,,Amelia Earhart Options for Knowledge ES,264,2012
Skyway Elementary Network,610171,,Arnold Mireles Elementary Academy,901,2012
Skyway Elementary Network,609887,,Arthur Dixon Elementary School,650,2012
Skyway Elementary Network,610268,,Arthur R Ashe Elementary School,456,2012
Skyway Elementary Network,609786,,Avalon Park Elementary School,393,2012
Skyway Elementary Network,609827,,Burnside Elementary Scholastic Academy,761,2012
Skyway Elementary Network,609833,,Charles P Caldwell Academy of Math & Science ES,289,2012
Skyway Elementary Network,609813,,Charles S Brownell Elementary School,310,2012
Skyway Elementary Network,609883,,Charles S Deneen Elementary School,550,2012
Skyway Elementary Network,609815,,Edward A Bouchet Math & Science Academy ES,778,2012
Skyway Elementary Network,609862,,Edward Coles Elementary Language Academy,550,2012
Skyway Elementary Network,610233,,Elihu Yale Elementary School,182,2012
Skyway Elementary Network,609916,,Enrico Fermi Elementary School,237,2012
Skyway Elementary Network,610124,,Harold Washington Elementary School,549,2012
Skyway Elementary Network,610279,,Henry O Tanner Elementary School,449,2012
Skyway Elementary Network,610052,,Horace Mann Elementary School,471,2012
Skyway Elementary Network,610103,,Isabelle C O'Keeffe Elementary School,574,2012
Skyway Elementary Network,610066,,James E McDade Elementary Classical School,199,2012
Skyway Elementary Network,610047,,James Madison Elementary School,314,2012
Skyway Elementary Network,610200,,James N Thorp Elementary School,449,2012
Skyway Elementary Network,610093,,Jane A Neil Elementary School,305,2012
Skyway Elementary Network,610263,,John Foster Dulles Elementary School,537,2012
Skyway Elementary Network,609971,,John Harvard Elementary School of Excellence,475,2012
Skyway Elementary Network,610130,,John T Pirie Fine Arts & Academic Center ES,384,2012
Skyway Elementary Network,610218,,Joseph Warren Elementary School,329,2012
Skyway Elementary Network,610280,,Kate S Buckingham Special Education Center,26,2012
Skyway Elementary Network,610298,,Lenart Elementary Regional Gifted Center,328,2012
Skyway Elementary Network,610152,,Martha Ruggles Elementary School,417,2012
Skyway Elementary Network,610312,,Mary E McDowell Elementary School,188,2012
Skyway Elementary Network,609806,,Myra Bradwell Communications Arts & Sciences ES,771,2012
Skyway Elementary Network,609961,,Ninos Heroes Elementary Academic Center,435,2012
Skyway Elementary Network,610300,,Oliver S Westcott Elementary School,412,2012
Skyway Elementary Network,610115,,Park Manor Elementary School,352,2012
Skyway Elementary Network,610116,,Parkside Elementary Community Academy,348,2012
Skyway Elementary Network,610146,,Paul Revere Elementary School,320,2012
Skyway Elementary Network,610350,,Robert A Black Magnet Elementary School,473,2012
Skyway Elementary Network,610530,,South Shore Fine Arts Academy,255,2012
Skyway Elementary Network,610002,,Thomas Hoyne Elementary School,285,2012
Skyway Elementary Network,610193,,William K New Sullivan Elementary School,524,2012
South Side High School Network,610381,,Bronzeville Scholastic Academy High School,552,2012
South Side High School Network,609754,,Chicago Military Academy High School,482,2012
South Side High School Network,609675,,Chicago Vocational Achievement Academy HS,177,2012
South Side High School Network,609674,,Chicago Vocational Career Academy High School,827,2012
South Side High School Network,610380,,Daniel Hale Williams Prep School of Medicine,324,2012
South Side High School Network,609751,,Dr  Martin Luther King  Jr  College Prep HS,919,2012
South Side High School Network,609736,,Dyett High School,318,2012
South Side High School Network,609712,,Emil G Hirsch Metropolitan High School,455,2012
South Side High School Network,610297,,High School of Leadership at South Shore,731,2012
South Side High School Network,609713,,Hyde Park Academy High School,"1,513",2012
South Side High School Network,609746,,Kenwood Academy High School,"1,851",2012
South Side High School Network,610552,,Milburn Alternative High School,35,2012
South Side High School Network,609692,,Neal F Simeon Career Academy High School,"1,533",2012
South Side High School Network,610323,,New Millennium High School of Health at Bowen,700,2012
South Side High School Network,609676,,Paul Laurence Dunbar Career Academy High School,"1,462",2012
South Side High School Network,609743,,Phillips Achievement Academy High School,67,2012
South Side High School Network,609769,,Ray Graham Training Center High School,139,2012
South Side High School Network,610547,,South Shore International College Prep HS School,323,2012
South Side High School Network,609727,,Wendell Phillips Academy High School,593,2012
South Side High School Network,609678,,William Jones College Preparatory High School,871,2012
Southwest Side High School Network,610513,,Air Force Academy High School,302,2012
Southwest Side High School Network,609735,,Edward Tilden Career Community Academy HS,463,2012
Southwest Side High School Network,609682,,Ellen H Richards Career Academy High School,473,2012
Southwest Side High School Network,610543,,Eric Solorio Academy High School,582,2012
Southwest Side High School Network,609709,,Gage Park High School,"1,052",2012
Southwest Side High School Network,609741,,Gurdon S Hubbard High School,"1,672",2012
Southwest Side High School Network,609768,,Hope College Preparatory High School,560,2012
Southwest Side High School Network,609718,,John F Kennedy High School,"1,588",2012
Southwest Side High School Network,609694,,John Hancock College Preparatory High School,966,2012
Southwest Side High School Network,609756,,Marie Sklodowska Curie Metropolitan High School,"3,323",2012
Southwest Side High School Network,610557,,Pathways in Education,213,2012
Southwest Side High School Network,609707,,Paul Robeson High School,734,2012
Southwest Side High School Network,610386,,Peace & Education Coalition High School,120,2012
Southwest Side High School Network,610391,,Robert Lindblom Math & Science Academy HS,908,2012
Southwest Side High School Network,610374,,Robeson Achievement Academy High School,111,2012
Southwest Side High School Network,609745,,Southside Occupational Academy High School,201,2012
Southwest Side High School Network,610506,,TEAM Englewood Community Academy High School,440,2012
Southwest Side High School Network,609715,,Thomas Kelly High School,"2,893",2012
Southwest Side High School Network,610375,,Tilden Achievement Academy High School,128,2012
Southwest Side High School Network,609698,,William J Bogan High School,"1,658",2012
Southwest Side High School Network,609711,,William Rainey Harper High School,622,2012
West Side High School Network,610334,,Al Raby High School,536,2012
West Side High School Network,610501,,Austin Polytechnical Academy High School,251,2012
West Side High School Network,610555,,Banner Academy West,162,2012
West Side High School Network,609764,,Benito Juarez Community Academy High School,"1,683",2012
West Side High School Network,610401,,Clemente Achievement Academy High School,184,2012
West Side High School Network,610499,,Collins Academy High School,409,2012
West Side High School Network,609748,,Consuella B York Alternative High School,338,2012
West Side High School Network,610378,,Crane Achievement Academy High School,162,2012
West Side High School Network,609704,,David G Farragut Career Academy High School,"1,453",2012
West Side High School Network,610245,,Frederick A Douglass Academy High School,354,2012
West Side High School Network,609693,,George Westinghouse High School,828,2012
West Side High School Network,610383,,Greater Lawndale High School For Social Justice,371,2012
West Side High School Network,610384,,Infinity Math Science and Technology High School,388,2012
West Side High School Network,609723,,John Marshall Metropolitan High School,730,2012
West Side High School Network,609722,,Manley Career Academy High School,599,2012
West Side High School Network,610502,,Marine Military Math and Science Academy,367,2012
West Side High School Network,610535,,Mason High School,48,2012
West Side High School Network,610244,,Michele Clark Academic Prep Magnet High School,733,2012
West Side High School Network,610385,,Multicultural Academy of Scholarship,315,2012
West Side High School Network,609783,,Nancy B Jefferson Alternative High School,272,2012
West Side High School Network,609691,,North-Grand High School,883,2012
West Side High School Network,610529,,Ogden International High School,558,2012
West Side High School Network,610389,,Orr Academy High School,823,2012
West Side High School Network,610304,,Phoenix Military Academy High School,462,2012
West Side High School Network,609702,,Richard T Crane Technical Preparatory HS,476,2012
West Side High School Network,609759,,Roberto Clemente Community Academy High School,"1,007",2012
West Side High School Network,609750,,Simpson Academy High School for Young Women,150,2012
West Side High School Network,610357,,Spry Community Links High School,195,2012
West Side High School Network,610518,,VOISE Academy High School,411,2012
West Side High School Network,609740,,Wells Community Academy High School,630,2012
West Side High School Network,609755,,Whitney M Young Magnet High School,"2,165",2012
West Side High School Network,610392,,World Language Academy High School,379,2012
Austin-North Lawndale Elementary Network,400020,,Catalyst Charter ES - Howland,507,2012
Austin-North Lawndale Elementary Network,400021,,Catalyst Elementary School - Circle Rock,520,2012
Austin-North Lawndale Elementary Network,400040,,Frazier Preparatory Academy Elementary School,413,2012
Austin-North Lawndale Elementary Network,400044,,KIPP Ascend Academy Charter Elementary School,545,2012
Austin-North Lawndale Elementary Network,400046,,LEARN Charter ES - Romano Butler Campus,599,2012
Austin-North Lawndale Elementary Network,400049,,Legacy Charter Elementary School,512,2012
Austin-North Lawndale Elementary Network,400068,,Plato Learning Academy Elementary School,414,2012
Burnham Park Elementary Network,400019,,Bronzeville Lighthouse Charter Elementary School,455,2012
Burnham Park Elementary Network,400029,,Chicago Intl Charter - Washington Park,446,2012
Burnham Park Elementary Network,400075,,University of Chicago Charter - Donoghue,475,2012
Burnham Park Elementary Network,400076,,University of Chicago Charter - NKO,330,2012
Burnham Park Elementary Network,400078,,University of Chicago Charter - Carter G Woodson,392,2012
Englewood-Gresham Elementary Network,400067,,Perspectives Charter - Calumet MS,380,2012
Englewood-Gresham Elementary Network,400071,,Providence Englewood Charter - Bunche,406,2012
Englewood-Gresham Elementary Network,400074,,Betty Shabazz Intl Charter - Barbara A Sizemore,296,2012
Far South Side High School Network,400033,,Chicago Intl Charter - Longwood,"1,473",2012
Far South Side High School Network,400109,,Prologue - Joshua Johnston Charter School for Fine Arts and,206,2012
Fullerton Elementary Network,400025,,Chicago Intl Charter - Bucktown,667,2012
Fullerton Elementary Network,400030,,Chicago Intl Charter - West Belden,500,2012
Fullerton Elementary Network,400082,,UNO Charter - Carlos Fuentes,547,2012
Fulton Elementary Network,400039,,Erie Elementary Charter School,351,2012
Fulton Elementary Network,400043,,Hope Institute Learning Academy,410,2012
Fulton Elementary Network,400048,,LEARN Charter ES - Excel,342,2012
Fulton Elementary Network,400096,,Rowe Elementary School,350,2012
Fulton Elementary Network,400114,,UNO Charter Elementary School St Marks,237,2012
Garfield-Humboldt Elementary Network,400011,,Alain Locke Charter Elementary Academy,588,2012
Garfield-Humboldt Elementary Network,400041,,Galapagos Elementary Charter School,351,2012
Garfield-Humboldt Elementary Network,400047,,LEARN Charter ES - North Lawndale,447,2012
Garfield-Humboldt Elementary Network,400069,,Polaris Charter Academy Elementary School,336,2012
Garfield-Humboldt Elementary Network,400095,,Garfield Park Preparatory Academy ES,204,2012
Lake Calumet Elementary Network,400028,,Chicago Intl Charter - Prairie,403,2012
Lake Calumet Elementary Network,400045,,Kwame Nkrumah Academy Elementary School,215,2012
Lake Calumet Elementary Network,400092,,Chicago Intl Charter - Lloyd Bond,346,2012
Lake Calumet Elementary Network,400108,,Chicago Intl Charter - Larry Hawkins,478,2012
Midway Elementary Network,400009,,Academy for Global Citizenship Elementary School,247,2012
Midway Elementary Network,400031,,Chicago Intl Charter - Wrightwood,709,2012
Midway Elementary Network,400079,,UNO Charter School - SPC Daniel Zizumbo Campus,640,2012
Midway Elementary Network,400080,,UNO Charter School - PFC Omar E.Torres Campus,640,2012
Midway Elementary Network,400084,,UNO Charter - Rufino Tamayo,288,2012
Midway Elementary Network,400112,,UNO 51st and Homan Charter Elementary School,566,2012
North-Northwest Side High School Network,400013,,ASPIRA Charter - Early College,505,2012
North-Northwest Side High School Network,400034,,Chicago Intl Charter - Northtown,844,2012
North-Northwest Side High School Network,400035,,Chicago Math and Science Academy High School,596,2012
North-Northwest Side High School Network,400054,,Noble Street Charter - Pritzker College Prep,752,2012
North-Northwest Side High School Network,400113,,Chicago Intl Charter - Chicago Quest North,231,2012
O'Hare Elementary Network,400017,,ASPIRA Charter - Haugan Campus,592,2012
O'Hare Elementary Network,400027,,Chicago Intl Charter - Irving Park,517,2012
Pershing Elementary Network,400024,,Chicago Intl Charter - Basil,730,2012
Pershing Elementary Network,400050,,Namaste Charter Elementary School,452,2012
Pershing Elementary Network,400089,,UNO Charter School - Officer Donald J. Marquez,576,2012
Pershing Elementary Network,400101,,UNO Charter - Gage Park,570,2012
Pilsen-Little Village Elementary Network,400081,,UNO Charter - Bartolome de Las Casas,285,2012
Pilsen-Little Village Elementary Network,400083,,UNO Charter - Octavio Paz Campus,432,2012
Ravenswood-Ridge Elementary Network,400060,,Passages Charter Elementary School,427,2012
Rock Island Elementary Network,400026,,Chicago Intl Charter - Loomis Primary,592,2012
Skyway Elementary Network,400023,,Chicago Intl Charter - Avalon / South Shore,421,2012
Skyway Elementary Network,400072,,Betty Shabazz Intl Charter,303,2012
Skyway Elementary Network,400107,,LEARN  Charter School-South Chicago Campus,280,2012
Skyway Elementary Network,400111,,Learn Charter School - 5th Campus,236,2012
South Side High School Network,400010,,"Architecture, Construction, and Engineering(ACE)Technical Ch",500,2012
South Side High School Network,400022,,Chicago High School for the Arts,437,2012
South Side High School Network,400052,,Noble Street Charter - Gary Comer College Prep,710,2012
South Side High School Network,400064,,Perspectives Charter - Rodney D Joslin,376,2012
South Side High School Network,400066,,Perspectives Charter - IIT Math & Science Academy,571,2012
South Side High School Network,400073,,Betty Shabazz Intl Charter - DuSable Leadership,398,2012
South Side High School Network,400077,,University of Chicago Charter - Woodlawn,517,2012
South Side High School Network,400087,,Young Women's Leadership Charter High School,324,2012
South Side High School Network,400094,,EPIC Academy High School,364,2012
South Side High School Network,400098,,Noble Street Charter - Muchin College Prep,708,2012
South Side High School Network,400104,,Instituto Health Sciences Career Academy HS,336,2012
South Side High School Network,400105,,Urban Prep Academy for Young Men  - South Shore,268,2012
South Side High School Network,609686,,Youth Connection Charter School,"4,030",2012
Southwest Side High School Network,400012,,Amandla Charter High School,348,2012
Southwest Side High School Network,400032,,Chicago Intl Charter - Ralph Ellison,548,2012
Southwest Side High School Network,400061,,Perspectives Charter - Calumet HS,480,2012
Southwest Side High School Network,400062,,Perspectives Charter - Calumet Technology,517,2012
Southwest Side High School Network,400085,,UNO Charter School - Major Hector P.Garcia MD Campus,591,2012
Southwest Side High School Network,400086,,Urban Prep Acad for Young Men Charter - Englewood,482,2012
Southwest Side High School Network,400106,,Noble Street Charter School - Johnson HS,416,2012
West Side High School Network,400015,,ASPIRA Charter - Mirta Ramirez Computer Science,397,2012
West Side High School Network,400018,,Austin Business and Entrepreneurship Academy HS,317,2012
West Side High School Network,400036,,Chicago Virtual Charter High School,598,2012
West Side High School Network,400038,,Community Services West Academy,180,2012
West Side High School Network,400042,,Henry Ford Academy Power House Charter HS,453,2012
West Side High School Network,400051,,Noble Street Charter - Noble Street College Prep,599,2012
West Side High School Network,400053,,Noble Street Charter - Golder College Prep,580,2012
West Side High School Network,400055,,Noble Street Charter - Rauner College Prep,599,2012
West Side High School Network,400056,,Noble Street Charter - Rowe-Clark Math & Sci Acad,581,2012
West Side High School Network,400057,,Noble Street Charter - UIC College Prep,811,2012
West Side High School Network,400058,,North Lawndale College Prep Charter - Christiana,473,2012
West Side High School Network,400059,,North Lawndale College Prep Charter - Collins,412,2012
West Side High School Network,400070,,Prologue Early College High School,233,2012
West Side High School Network,400091,,Chicago Academy for Advanced Technology HS,303,2012
West Side High School Network,400093,,Chicago Talent Development HS,200,2012
West Side High School Network,400097,,Noble Street Charter - Chicago Bulls College,787,2012
West Side High School Network,400102,,Urban Prep Acad for Young Men - East Garfield Park,373,2012